epoch,loss
0,0.09309494136441071
1,0.09286201332373437
2,0.09278746085329867
3,0.09278209716790786
4,0.09278504681564363
5,0.09269070523239792
6,0.09272199432823965
7,0.09279106326687998
8,0.09271882398628567
9,0.09255678605862709
