epoch,loss
0,0.13312010482273276
1,0.13302693322660272
2,0.13299183484297322
3,0.13300154154970711
4,0.1330118192403528
5,0.13294708315851642
6,0.13299671692963536
7,0.13300695828032222
8,0.13299489298515166
9,0.1328691819704693
