epoch,loss
0,0.13701036364389202
1,0.13701343973383293
2,0.1369773511849391
3,0.13696493245598346
4,0.13693838150490079
5,0.13691461860749746
6,0.13683364481436222
7,0.13677615205655164
8,0.136768507020107
9,0.13676526421982796
