epoch,loss
0,0.10008413579593294
1,0.09982051453799826
2,0.09985309116883552
3,0.09969236605972076
4,0.09967046205895051
5,0.09972860554098734
6,0.09956180394252621
7,0.09958647504146638
8,0.09951963324260285
9,0.09950505825005218
