epoch,loss
0,0.0959283911623217
1,0.09577748283511638
2,0.09576817703974938
3,0.09556908925284308
4,0.09568328720979408
5,0.09572839821880733
6,0.09547757200634217
7,0.09542604590092642
8,0.09537114527815423
9,0.09533213893613277
