epoch,loss
0,0.13409559843067254
1,0.13414249178795923
2,0.13404781821949543
3,0.13403360510164974
4,0.13404179124788992
5,0.1340144684098829
6,0.13398446015804336
7,0.1340062358819075
8,0.13404719959982908
9,0.13402990261858558
