epoch,loss
0,0.10308519429967265
1,0.10281709766004613
2,0.10277162263777684
3,0.10253585539700007
4,0.10253501136995707
5,0.10257359874531556
6,0.10238950349813486
7,0.1022877478745653
8,0.10217906787228294
9,0.10222268626933667
