epoch,loss
0,0.13827097999269672
1,0.13822242159624265
2,0.13818242376107265
3,0.13812064229252594
4,0.13809847393439725
5,0.13795596319102763
6,0.1379732846804838
7,0.13793776844950004
8,0.13790974781354373
9,0.13785244235553348
