epoch,loss
0,0.09208503783878917
1,0.09191832125463584
2,0.09186189790647953
3,0.09194048559659061
4,0.091832987141185
5,0.09186176717063166
6,0.09180043397884452
7,0.09180316213834919
8,0.09166298590713907
9,0.09182111807904883
