epoch,loss
0,0.13251822157719106
1,0.1325509317739055
2,0.1324924402493282
3,0.13253167349807968
4,0.13247059673101036
5,0.1325281934428999
6,0.1324930024317249
7,0.1325187128121264
8,0.13252593998118936
9,0.1325555279389372
