epoch,loss
0,0.09765873742603264
1,0.09745622619166355
2,0.09736846241503047
3,0.0973560566875287
4,0.097224763067731
5,0.09709966232923754
6,0.09709197264427065
7,0.09724994156466782
8,0.09716299080740261
9,0.09727112944450184
