epoch,loss
0,0.13568880932583563
1,0.13559425350553275
2,0.1355601212100662
3,0.1355491612634218
4,0.1355082065925685
5,0.1354756846689855
6,0.13548429674741921
7,0.1354032453956944
8,0.13547737402610535
9,0.13543400433581515
