epoch,loss
0,0.15686369862693425
1,0.1564174094698534
2,0.1560534482560824
3,0.15562754515890564
4,0.15520531102151244
5,0.15485570773645416
6,0.15446846732329908
7,0.1540753452495243
8,0.15379426327030435
9,0.15341038216467479
