epoch,loss
0,0.12956403702856492
1,0.12872894435097063
2,0.12828786157583263
3,0.12772326789119798
4,0.12735597991148076
5,0.12687133921432742
6,0.126400286550742
7,0.1259052632468781
8,0.12540724205048193
9,0.12496781072941832
