epoch,loss
0,0.11312763953390235
1,0.11288815107793906
2,0.11269621619433147
3,0.11240729864715732
4,0.11221107556082474
5,0.11214803492320216
6,0.11190937451061193
7,0.111596933497385
8,0.11153134266919461
9,0.11138196847974546
