epoch,loss
0,0.14515433603787398
1,0.14493393173994015
2,0.14488522841572
3,0.14474756885152654
4,0.14463467818504777
5,0.14454410604867912
6,0.1444191220319665
7,0.14431089066181324
8,0.14419319842696174
9,0.14416307791046043
