epoch,loss
0,0.09292566315682745
1,0.0926311103074985
2,0.0926445942652547
3,0.09245074266012214
4,0.09237635438566455
5,0.09237036275988474
6,0.09249567161229236
7,0.09261740256518437
8,0.09250913136179419
9,0.09247153635363316
