epoch,loss
0,0.1324721497599509
1,0.13243602414192718
2,0.13236617903515854
3,0.1323672507950538
4,0.1323016201988507
5,0.13245557342860426
6,0.13245254223371328
7,0.13235328944878771
8,0.13225033016831053
9,0.1322538759514658
