epoch,loss
0,0.09529367815907813
1,0.09515493537682478
2,0.09517359021038187
3,0.09512213623893033
4,0.0950745878970167
5,0.09515271928059943
6,0.09495478685055399
7,0.09495617853552944
8,0.09503913796373528
9,0.09503322408888268
