epoch,loss
0,0.13436127891305646
1,0.13431728290552938
2,0.13435206181555634
3,0.1343918091531064
4,0.1342902483697128
5,0.1342519492939994
6,0.13427186706870167
7,0.13428264488783664
8,0.13418343234855906
9,0.13422436190820114
