epoch,loss
0,0.13407100222582544
1,0.13402335376996521
2,0.13397520712470232
3,0.13399393628204478
4,0.13391153535126632
5,0.1339335885987542
6,0.13388774594674274
7,0.13398865007784852
8,0.13387673444985995
9,0.13392560142945775
