epoch,loss
0,0.09463514752974712
1,0.09455800142352129
2,0.09460928115474128
3,0.0946034078939269
4,0.0944794229270867
5,0.09443377440088035
6,0.09454474842125794
7,0.09449956269932586
8,0.09438258817501922
9,0.0944109805188709
