epoch,loss
0,0.1332658143689069
1,0.13309549059906953
2,0.13315660807738008
3,0.13318830611623175
4,0.13316759213256013
5,0.13312603407304405
6,0.13312925582636573
7,0.1330735142728649
8,0.13307127704161173
9,0.133017656760781
