epoch,loss
0,0.0941000055730042
1,0.09398172584984929
2,0.0939002536865697
3,0.09390491242126764
4,0.09387433860453917
5,0.0938924392573104
6,0.09386688784174448
7,0.09385425995974878
8,0.09384841993155793
9,0.09375865908004588
