epoch,loss
0,0.10118734278989697
1,0.10108030848119955
2,0.10102564066995179
3,0.1009548456632091
4,0.10081180101628377
5,0.10081688621161027
6,0.10069487606843347
7,0.10059611365364356
8,0.10058006028355078
9,0.100446079119922
