epoch,loss
0,0.13777640071196037
1,0.13767290612314337
2,0.1376592059602413
3,0.13759380529083015
4,0.13761015221452957
5,0.13750530706653594
6,0.13751564016800405
7,0.13748711917333054
8,0.13738406056492716
9,0.13735880507958928
