epoch,loss
0,0.25214176913476716
1,0.23208160315498694
2,0.22138427939399694
3,0.2141306518570271
4,0.20858500557017798
