epoch,loss
0,0.09388597628906854
1,0.09380201745490548
2,0.09373426260201659
3,0.09360359525319917
4,0.0937142066269002
5,0.09357153447168017
6,0.09355466791079585
7,0.09356372299106189
8,0.0936208170294189
9,0.09352949812856894
