epoch,loss
0,0.13303747594778678
1,0.13299101706690034
2,0.13293867597472805
3,0.13297632804891704
4,0.13295951955641844
5,0.13297752811819918
6,0.1329630825421431
7,0.13294045073568828
8,0.13295994203245062
9,0.13290719441349286
