iter,acc,nmi,ari,loss
0,0.33491,0.18002,0.12447,0.0
140,0.33489,0.18004,0.12445,1.521686826322366e-07
