epoch,loss
0,0.1328051450283302
1,0.13272501977668996
2,0.13273195145608085
3,0.13279158825056278
4,0.13272292697856988
5,0.1326353388397198
6,0.13265176475431545
7,0.13272346356278503
8,0.1326396342256718
9,0.13275208198025756
