epoch,loss
0,0.0933536161230047
1,0.09338075583812577
2,0.09338624407349036
3,0.09339254595927737
4,0.0932011148545299
5,0.09319012732860943
6,0.09316025293199608
7,0.09310884652830408
8,0.09312082528619714
9,0.09315509178280497
