epoch,loss
0,0.14589957793157338
1,0.14446745749537343
2,0.1434034862154192
3,0.14238410252606426
4,0.14130929858367844
5,0.14036817448866998
6,0.13949005384225613
7,0.1384891472724444
8,0.13770354574912513
9,0.13699624569889707
