epoch,loss
0,0.16909808378160143
1,0.16810034643688113
2,0.16731128043020302
3,0.16640224418304916
4,0.16562815919373142
5,0.16485788764961917
6,0.16410558875321565
7,0.16345464964915976
8,0.16277677085682532
9,0.16215169323459738
