epoch,loss
0,0.10413584949903261
1,0.10390639824118664
2,0.1038294689708959
3,0.10369171499788497
4,0.10365358495134404
5,0.10344627503409037
6,0.10340321077328313
7,0.10323159768566584
8,0.10334482657518601
9,0.10315380169076087
