epoch,loss
0,0.13954644741071204
1,0.1395015318612866
2,0.13938143355471325
3,0.13932989534354792
4,0.13933791560113887
5,0.1392276806187913
6,0.13915741411973342
7,0.1391218249091178
8,0.13910101099008054
9,0.13897877211740822
