epoch,loss
0,0.11806577416333223
1,0.11759576978569158
2,0.11731360450055504
3,0.11702302102276041
4,0.11670201438020637
5,0.11653849302608801
6,0.11614907885205053
7,0.11602042511539772
8,0.11570317509057725
9,0.11548846188795912
