epoch,loss
0,0.14814389207537085
1,0.14797970930090215
2,0.14775688066887982
3,0.14763770446213775
4,0.14740902717907386
5,0.14726227255653992
6,0.1470764754188813
7,0.14690404878276353
8,0.1467938801833741
9,0.14662968572840962
