epoch,loss
0,0.13507278879480755
1,0.134922482151022
2,0.13492917359082165
3,0.13490947746863907
4,0.13482610952251664
5,0.1348751685782729
6,0.13483781538204193
7,0.13480073272362011
8,0.13476733107084685
9,0.13474583581942182
