epoch,loss
0,0.09637690275561976
1,0.0962587180494688
2,0.09628013958543995
3,0.0961546749810648
4,0.09618413414058626
5,0.09625345769330217
6,0.09607280019052994
7,0.09589788729376138
8,0.09582048650015759
9,0.09586342830761221
