iter,acc,nmi,ari,loss
0,0.332,0.19261,0.13946,0.0
30,0.1135,3.5,0.0,0.08278201073408127
60,0.1135,3.5,0.0,0.06307786690692106
