iter,acc,nmi,ari,loss
0,0.34196,0.20503,0.12821,0.0
140,0.36271,0.31222,0.18491,0.053221134335867
