epoch,loss
0,0.11188635791722212
1,0.11144258394352352
2,0.11119220370406789
3,0.11114077468726592
4,0.11086318427996598
5,0.11076174913535142
6,0.1106333748418862
7,0.11046002096220087
8,0.11039589449781191
9,0.11015500492520444
