epoch,loss
0,0.1436827321356696
1,0.14356745759591413
2,0.14350943312050043
3,0.1434029316717247
4,0.143245949967322
5,0.14316008031904293
6,0.143077026629214
7,0.14295038945088187
8,0.14284141938580586
9,0.14279831325647907
