epoch,loss
0,0.138121699290581
1,0.13804969518345953
2,0.13795422982067249
3,0.13798387492013162
4,0.13799723767899674
5,0.13796393846301
6,0.13782581452026174
7,0.1378184199634995
8,0.13782229843328372
9,0.13769367947139236
