epoch,loss
0,0.10182241328546712
1,0.1017161972746783
2,0.10153901806301462
3,0.10138026751455972
4,0.10136412131508682
5,0.10125188664033032
6,0.10129024148852372
7,0.10120283304872332
8,0.10112773749223018
9,0.10121035574221725
