epoch,loss
0,0.24669082314663315
1,0.22582665347672423
2,0.2149391563773369
3,0.20761410978562886
4,0.2021377788101321
5,0.19775264427431655
6,0.19408848924022826
7,0.1909150856035777
8,0.188182761105219
9,0.1857371856426893
