epoch,loss
0,0.24661099440619658
1,0.21381808563675747
2,0.20093959562927863
3,0.19140361016283744
4,0.18454420317792503
5,0.17920859855623764
6,0.17486986198088494
7,0.17114365416734198
8,0.16787226072684605
9,0.1649342067528629
