epoch,loss
0,0.24668683261331462
1,0.2143405990201344
