epoch,loss
0,0.29919324850285617
1,0.29584934935359075
2,0.2884353894558125
3,0.2674232845259185
4,0.2564218975124638
5,0.24743648008606503
6,0.23466978424388513
7,0.2249095547171944
8,0.21795173620691463
9,0.21041092988270432
10,0.2040081577540959
11,0.19814542226368945
12,0.19323710679294476
13,0.1888643260657109
14,0.18433823485934295
15,0.1806874577150363
16,0.17736622008083666
