iter,acc,nmi,ari,loss
0,0.3343,0.20708,0.132,0.0
30,0.1751,0.16466,0.04068,0.07223271268109481
60,0.2341,0.1933,0.08174,0.05869315924743811
90,0.2722,0.19697,0.09504,0.05343744022150834
120,0.3181,0.22257,0.11965,0.04254434866209825
