epoch,loss
0,0.1322948299527948
1,0.13231882358217817
2,0.13228305080565123
3,0.13232797014443284
4,0.13229469077367306
5,0.13233893748179332
6,0.13236049827607108
7,0.13221702131723398
8,0.1321196644803935
9,0.13221859789646848
