epoch,loss
0,0.09247300716919815
1,0.09221830256903275
2,0.09235509897529409
3,0.09246255202035802
4,0.09235270686370758
5,0.09245246966730299
6,0.09242353032600982
7,0.09220882308964726
8,0.09210448206025905
9,0.092130944200624
