epoch,loss
0,0.1084059884525223
1,0.1080023296161707
2,0.10787264008941592
3,0.10770023535526838
4,0.10756401190376302
5,0.10761700779264245
6,0.1074057469663376
7,0.10737857079655912
8,0.10718480271275153
9,0.10697861625947563
