epoch,loss
0,0.1421663811006244
1,0.14213139165545563
2,0.1420196508337467
3,0.14189451401458564
4,0.14180285953515273
5,0.1417049927629329
6,0.1416312513013991
7,0.1416036685824179
8,0.14150931236090916
9,0.14141558287782202
