epoch,loss
0,0.10380393711946509
1,0.10349589295895867
2,0.10348552105583814
3,0.10339369792832939
4,0.10338895386495076
5,0.10310463751645746
6,0.10311276361309113
7,0.10306741068131808
8,0.10306303907866918
9,0.10292253956781455
