epoch,loss
0,0.13879325429983017
1,0.1386346890077388
2,0.13853046506285763
3,0.13857542161104794
4,0.13851179653355952
5,0.13848155912476345
6,0.13836728606461518
7,0.13843522737926703
8,0.13830845079750642
9,0.1382602241726038
