epoch,loss
0,0.10723280411905439
1,0.10681327004267742
2,0.10671189760613017
3,0.1064322203809668
4,0.10635373800770942
5,0.10629171068156272
6,0.10627920758916838
7,0.10613941849003374
8,0.10597600526673384
9,0.10580345728155999
