epoch,loss
0,0.14140506213608797
1,0.14124295328971562
2,0.14126291194092863
3,0.14122627946991492
4,0.14108697404826495
5,0.14092824938404494
6,0.14086186659907377
7,0.14091212044889787
8,0.14075641733115643
9,0.14075443038026958
