epoch,loss
0,0.13539036442014307
1,0.13536491946586443
2,0.1352908784871506
3,0.13534104849875372
4,0.1353463559967667
5,0.1353102679732
6,0.13520783396194203
7,0.13532804962953815
8,0.13520826363068042
9,0.1352196378288049
