epoch,loss
0,0.09723790843718952
1,0.09691410831549796
2,0.09697848115225494
3,0.09693981593554372
4,0.0969128220103855
5,0.09693313557659669
6,0.0968759192494807
7,0.09658366961413603
8,0.09656816988198749
9,0.0966587568890959
