epoch,loss
0,0.16199638375466688
1,0.16139844028623057
2,0.16082990234109124
3,0.16023495065164137
4,0.15969661335110694
5,0.1591520289159626
6,0.15872646905131554
7,0.15826718073505738
8,0.15772730070697477
9,0.1572792734380109
