epoch,loss
0,0.13583910112369377
1,0.13489735029355282
2,0.13427794142622318
3,0.13349631788996866
4,0.13287463500955132
5,0.13217181202379527
6,0.13153939135827172
7,0.13103804762889118
8,0.13043065334536616
9,0.12980885972064088
