epoch,loss
0,0.12151582292008312
1,0.12106739597833266
2,0.12088240013218171
3,0.12047863788945568
4,0.12023362964684148
5,0.11984091173043188
6,0.11960345594226915
7,0.11920352621861753
8,0.11891228457416977
9,0.11865596846087541
