epoch,loss
0,0.1499826990290916
1,0.14974782746543924
2,0.14949068171588636
3,0.14922200415570422
4,0.1489739278538149
5,0.1488398382357346
6,0.14860413431001832
7,0.14837450776580385
8,0.14820292163540885
9,0.14802863375335973
