epoch,loss
0,0.1565176382135713
1,0.15604759814965916
2,0.1555824384605028
3,0.15521494089281962
4,0.1547883940312412
5,0.1544760086307552
6,0.15410387909795029
7,0.15370737687614885
8,0.15341738514871117
9,0.15305632843134295
