epoch,loss
0,0.13010237441754963
1,0.1293593951963433
2,0.12876010995924206
3,0.128357267843355
4,0.12779025024342566
5,0.12733929238472652
6,0.1269986005834846
7,0.12653282593703266
8,0.12603128115414214
9,0.12568466103440099
