epoch,loss
0,0.1136345567141039
1,0.11328296139839197
2,0.11310824772699908
3,0.11297588455510188
4,0.11270753548690725
5,0.1125243192523973
6,0.11239414289165618
7,0.11213076224002064
8,0.11195082042731672
9,0.1119265624722142
