epoch,loss
0,0.1448259386366803
1,0.14474496142913645
2,0.14449616341772722
3,0.14444285455661512
4,0.14434429919164363
5,0.14423873494517916
6,0.14415350571977545
7,0.1439859779154811
8,0.1438747790978777
9,0.14380022829428346
