epoch,loss
0,0.11016982673907612
1,0.10985987648569703
2,0.10972265309732132
3,0.10953389754588681
4,0.10937714697102549
5,0.10921429306679648
6,0.10919995195683149
7,0.10899809020615073
8,0.10888185852303597
9,0.1088351681714024
