epoch,loss
0,0.14271786474031276
1,0.142556887130131
2,0.14250971832997922
3,0.14242678957918883
4,0.14232197455996404
5,0.14230410940970184
6,0.142184117446562
7,0.1420556743754769
8,0.14206101049332556
9,0.1419088135012871
