epoch,loss
0,0.061803902502789165
1,0.04623782301778758
