epoch,loss
0,0.06443242450526783
1,0.04276361730183874
