epoch,loss
0,0.13265334802513604
1,0.13266007844345948
2,0.13265314914349657
3,0.13252090576795966
4,0.13258247373243473
5,0.1325906595360759
6,0.1325301668692038
7,0.1325462252137253
8,0.13258023838967728
9,0.13255183009365035
