epoch,loss
0,0.09314381443207938
1,0.09303976948821191
2,0.09316124275063725
3,0.0929392034764159
4,0.09295600536757662
5,0.09302917108324701
6,0.09284948070000557
7,0.0929146530793633
8,0.09293960821828122
9,0.09289269630684573
