iter,acc,nmi,ari,loss
0,0.30371,0.18276,0.12263,0.0
140,0.30807,0.24448,0.16732,0.06525678198252405
