epoch,loss
0,0.13388379792627692
1,0.1338802528422517
2,0.13392331469615856
3,0.13396284445484696
4,0.13386278349241013
5,0.1338396610603751
6,0.133841355140737
7,0.1338503387161805
8,0.13383007697803595
9,0.13375963023491402
