epoch,loss
0,0.09560429326867373
1,0.09540506122384351
2,0.09546692546162833
3,0.09525320556884545
4,0.09534579965025827
5,0.09511589672856022
6,0.09505468176080943
7,0.09513378845195238
8,0.09529488150494671
9,0.09518145183165388
