epoch,loss
0,0.1365161138593345
1,0.1363743236181815
2,0.1362947152972264
3,0.13630310307996046
4,0.13627142877260706
5,0.1363466373136253
6,0.13620940772894308
7,0.13621428190583143
8,0.13617914320158184
9,0.13614161677096007
