epoch,loss
0,0.09987889823500341
1,0.09972515641883785
2,0.0997161713361854
3,0.09967905841072762
4,0.09966583784111067
5,0.09948225936039372
6,0.09937597244773629
7,0.09941915362997161
8,0.09925582472816621
9,0.09929054273143965
