epoch,loss
0,0.061510778828319304
1,0.062017645273611595
2,0.06205989261724719
3,0.06222064204937799
4,0.06219267079357949
5,0.06212128266938611
6,0.06215425658581862
7,0.06228735262904498
8,0.06215962595086561
