epoch,loss
0,0.13339324210012538
1,0.133371999463433
2,0.13333183225397732
3,0.13335831870815945
4,0.13336148267332054
5,0.13341108889267317
6,0.13329598266684023
7,0.1333453119962183
8,0.13330093715948013
9,0.13332027151552595
