epoch,loss
0,0.09377600170485413
1,0.09350456075306803
2,0.09347770796807774
3,0.0933555169962094
4,0.09343233048299046
5,0.09349697155632909
6,0.09333981241046713
7,0.09325049273941285
8,0.0933512836187565
9,0.09336055639121019
