epoch,loss
0,0.13246328466131696
1,0.13234927879118208
2,0.13238546045359034
3,0.1323577189310842
4,0.132287983946395
5,0.1322974688317696
6,0.13227258090083224
7,0.13229305536946875
8,0.13224722237544803
9,0.13223283525455165
