epoch,loss
0,0.09169471471729483
1,0.09161611705883002
2,0.09151636171216425
3,0.09150787500717958
4,0.09133958119915243
5,0.0915091292725156
6,0.09152913180461957
7,0.0914022920237916
8,0.09158956847735826
9,0.09149766721740363
