epoch,loss
0,0.24804919302081413
1,0.22945375178397484
2,0.219742854256492
3,0.2131279449064666
4,0.20799202123235863
5,0.20375581646374008
6,0.20021735456506515
7,0.19715324508098142
8,0.19446547931395378
9,0.1920913181553024
10,0.1899439962784752
11,0.1880736643250159
12,0.18635749050359754
13,0.184757678758334
14,0.1833533787800316
15,0.18199811049607276
16,0.18076553895571
17,0.1796415306830716
18,0.1785932799772102
19,0.17759120212917132
20,0.1766418654654612
21,0.17583672206905965
22,0.1749980464307636
23,0.17419509745284883
24,0.17347656429498842
25,0.17278821500778888
26,0.17209904894125977
27,0.17143757845782462
28,0.17086505768092256
29,0.17025530334774822
30,0.16964912801620502
31,0.16911035570281654
32,0.16861717029684986
33,0.1680749865736128
34,0.1676094442632648
35,0.1671087765116213
36,0.16666058693389185
37,0.16622270708067916
38,0.16581122225664977
39,0.16542716545765462
40,0.16503538999933826
41,0.1646388573439665
42,0.16427889507109275
43,0.16391191917009787
44,0.16354727650224804
45,0.16327310330267092
46,0.16292183379833336
47,0.16262769295281335
48,0.1622994745616134
49,0.16206911607372249
50,0.16178469078146013
51,0.16150849749120721
52,0.16125041683252905
53,0.16099520523064936
54,0.1608016081388457
55,0.16054498168565254
56,0.16028470168633557
57,0.16011677572289243
58,0.1599093109325703
59,0.159676232053547
60,0.15949763358037353
61,0.1592714157721586
62,0.15911211427696328
63,0.15891502280276956
64,0.15872052984766893
65,0.15853891050276425
66,0.15836898389577553
67,0.15826424608930326
68,0.15806044520015747
69,0.1578908691595935
70,0.15775599136074364
71,0.15757952110895754
72,0.15746273991092485
73,0.15735194937717373
74,0.15718659925158138
75,0.15700006727014784
76,0.15690835149701235
77,0.15680531766755063
78,0.15664018060858453
79,0.15648327920347274
80,0.15640556804060213
81,0.15626920433326766
82,0.15618509325347146
83,0.15599188247930137
84,0.1559256062461088
85,0.15573136388773406
86,0.1556422390926442
87,0.15555617037036082
88,0.1554551995139195
89,0.15533350739735566
90,0.15522265771426194
91,0.15511953277345256
92,0.15500372581375355
93,0.15489327813736484
94,0.15477477055761252
95,0.15475187949332453
96,0.15466748880678974
97,0.15449949051307507
98,0.1544498406235076
99,0.1542736251403284
