epoch,loss
0,0.24531336591267017
1,0.2135849858161929
