epoch,loss
0,0.10541323763195047
1,0.10515793065237747
2,0.10508807008654256
3,0.10507803981559607
4,0.10499923163395458
5,0.10493009401483472
6,0.10470411077258546
7,0.10471462004051293
8,0.10456569001989209
9,0.10444894509257942
