epoch,loss
0,0.13976115951818593
1,0.1396406462369696
2,0.13963727837252438
3,0.13956838911852965
4,0.13957722991305613
5,0.139446528258038
6,0.1394625719281432
7,0.13939667132050293
8,0.1394426612390441
9,0.1392731371577173
