epoch,loss
0,0.09320688819766278
1,0.093115227546316
2,0.09299388918941247
3,0.09297905329590492
4,0.09289973019421154
5,0.09283578152993308
6,0.0929310865929868
7,0.09285216749282396
8,0.09282402118060931
9,0.09290885940011162
