epoch,loss
0,0.13327952510783778
1,0.13323449147727434
2,0.1331282366573494
3,0.13310164552836354
4,0.13308265148694384
5,0.13305292529580243
6,0.13300606497169137
7,0.13307235082984614
8,0.1331016020244335
9,0.13299564612434994
