epoch,loss
0,0.24700750335330468
1,0.21416408813183194
2,0.2014843236562984
3,0.19194692253914092
4,0.1849198884320914
5,0.17958423479400862
6,0.1751740247286694
7,0.17144679183582928
8,0.16809348943848354
9,0.1652284664416476
