epoch,loss
0,0.24585260233255474
1,0.22514659159326472
2,0.2145267530746939
3,0.20740441226880998
4,0.2020611620286184
5,0.19761721929889287
6,0.19387593607816245
7,0.19065012768527365
8,0.18783274574853132
9,0.18537997457805133
