epoch,loss
0,0.10746422428288788
1,0.10726291058329812
2,0.10713605814578542
3,0.10710064163819562
4,0.10689245658059916
5,0.10685894768916697
6,0.1067604679672072
7,0.1065662478480334
8,0.10653464961990596
9,0.10644120139687646
