epoch,loss
0,0.14108274432811643
1,0.14094905707456418
2,0.14094800388467363
3,0.14086392196447972
4,0.1407482550024888
5,0.14071400219438504
6,0.14068040043298996
7,0.14052039256492477
8,0.14050310101032004
9,0.1404745718525698
