epoch,loss
0,0.13295985816044428
1,0.13291624012373698
2,0.13297011934878256
3,0.13295604674166228
4,0.13288884033257706
5,0.13279865581692088
6,0.13283277894611267
7,0.13279718134454346
8,0.1328270203462236
9,0.1328460274672699
