epoch,loss
0,0.0927594208413632
1,0.09256798955172443
2,0.09263760284488039
3,0.09256474309929656
4,0.09254957943844214
5,0.09240416152364352
6,0.09257424618724217
7,0.09252090640545485
8,0.09247728032733168
9,0.09251508734722713
