epoch,loss
0,0.13279583221549657
1,0.13271047979961956
2,0.13272506590725563
3,0.13270123201232248
4,0.1326242824263665
5,0.13257691884017636
6,0.13268898318807357
7,0.13256965008545893
8,0.1326744701800595
9,0.1325952117882705
