epoch,loss
0,0.09233237146666322
1,0.09213279457291591
2,0.09205651118612784
3,0.09220956858684784
4,0.092221874900646
5,0.09209822816405693
6,0.09198596579254553
7,0.09203492798763187
8,0.09197325953645621
9,0.09188844871463124
