epoch,loss
0,0.09388728297936047
1,0.09380145496112982
2,0.093894895593323
3,0.09386133568295531
4,0.09361179508019202
5,0.09377335825942533
6,0.0935663173445804
7,0.09357582740664114
8,0.09361768433708577
9,0.09367147191703482
