epoch,loss
0,0.13357926249258187
1,0.13360472968509923
2,0.1334898950828212
3,0.13347366149516177
4,0.13359480225563897
5,0.13354955846174654
6,0.13347989242047364
7,0.13346792230120322
8,0.13343308966892398
9,0.13343052835341498
