epoch,loss
0,0.1344459003941886
1,0.1344454819925981
2,0.134468433060191
3,0.13440741094952102
4,0.13434494218321102
5,0.13436396787652602
6,0.13435307981035813
7,0.13434353797335827
8,0.13427115295025885
9,0.13424683913751964
