epoch,loss
0,0.09651594957381587
1,0.09630085403379038
2,0.09631762578959348
3,0.09616530258480992
4,0.09619744793399244
5,0.09611826746814334
6,0.09613008089367904
7,0.09599769169905316
8,0.09598868139845901
9,0.09596620858547907
