epoch,loss
0,0.09662972929462654
1,0.0966539702273202
2,0.09645737087209359
3,0.0965592963409266
4,0.09645927779832386
5,0.09645168174136744
6,0.09639707768702667
7,0.0965293854286667
8,0.09647104989545983
9,0.09633312642263016
