epoch,loss
0,0.13516552387230965
1,0.1351556116701087
2,0.13513958403245097
3,0.1351205001390207
4,0.1350459079442989
5,0.13501739705231125
6,0.13506138203754703
7,0.13501712104240982
8,0.13496673005808626
9,0.1349626997712012
