epoch,loss
0,0.1386253518079888
1,0.1384784479504069
2,0.1384146921928112
3,0.13839512862164233
4,0.13830141164487603
5,0.13837279185319842
6,0.13822311502830817
7,0.13822057105268684
8,0.1382338032344551
9,0.138129956972783
