epoch,loss
0,0.10258199760653992
1,0.10233633625023059
2,0.10234342528484099
3,0.10228334395720794
4,0.1022250548833748
5,0.10201534428460174
6,0.10203377605104069
7,0.1018376951732438
8,0.10190505854940031
9,0.10167589992464857
