iter,acc,nmi,ari,loss
0,0.4667,0.36685,0.24773,0.0
140,0.46729,0.36772,0.24934,5.877817715470103e-07
