epoch,loss
0,0.13370268105919308
1,0.1337056024480891
2,0.1336926904636958
3,0.13370383972350264
4,0.13375243100884807
5,0.13355457087202843
6,0.13359178429406304
7,0.13356489744953098
8,0.13363591524056526
9,0.13354871752186478
