epoch,loss
0,0.09419883522656401
1,0.0941529372314933
2,0.09405771525533735
3,0.09392073389467273
4,0.09392251903775728
5,0.09388765356414577
6,0.0938730208164405
7,0.09396238245156655
8,0.09396704451623178
9,0.0938153785295955
