epoch,loss
0,0.13354150680538907
1,0.13342792933612826
2,0.1334246971014725
3,0.1334847949518783
4,0.13340478185892882
5,0.1333770771548619
6,0.13341113817633357
7,0.13346120926212562
8,0.133285200169133
9,0.13320058006797506
