epoch,loss
0,0.09467749088476217
1,0.09451878394804719
2,0.09436895124376343
3,0.09438825276031933
4,0.09441199941113958
5,0.09445147065732713
6,0.09441947882188852
7,0.09434326559192063
8,0.09427231679457808
9,0.09419423876656438
