epoch,loss
0,0.13617518176441973
1,0.13605285910167922
2,0.13599000788337756
3,0.13599961466084115
4,0.13597513528202432
5,0.1360215057423796
6,0.13598150268485018
7,0.13587166412864854
8,0.1359529497658218
9,0.13590252144391426
