epoch,loss
0,0.09921595312007468
1,0.0990466245788658
2,0.09920900156128296
3,0.09914024797043122
4,0.09902160417755243
5,0.09908839246500725
6,0.09903338150176356
7,0.09897846659089586
8,0.09877406652059209
9,0.09881895890555399
