iter,acc,nmi,ari,loss
0,0.4615,0.42909,0.28242,0.0
140,0.46037,0.44748,0.30133,6.957567146465798e-06
