epoch,loss
0,0.24541747329252822
1,0.22770814058460065
