epoch,loss
0,0.1004269346108052
1,0.10027477524616576
2,0.10034532236591324
3,0.1002420547817311
4,0.10024979340084463
5,0.10007487522024448
6,0.10013395708728022
7,0.10023829912856831
8,0.1000648615748928
9,0.09995293192950903
