epoch,loss
0,0.13728468972350596
1,0.1372780869224925
2,0.13722049663443156
3,0.13731022957399788
4,0.13721627771757922
5,0.1371524706924796
6,0.13719751425845664
7,0.13712729471378673
8,0.1370739879138413
9,0.13700867549433665
