epoch,loss
0,0.14068648230950864
1,0.14061760116930583
2,0.1405317974550231
3,0.14044998626241312
4,0.1404022457565799
5,0.14035064445400133
6,0.14025021317852174
7,0.1401866643825721
8,0.14011463503832808
9,0.1401144635579012
