epoch,loss
0,0.1058873902040061
1,0.10566639042396551
2,0.10566298392743695
3,0.105579393634058
4,0.1054105843794909
5,0.10534789647858295
6,0.10527464588635936
7,0.10524621750592394
8,0.10494586261952557
9,0.10492493657664861
