iter,acc,nmi,ari,loss
0,0.37643,0.29359,0.22582,0.0
30,0.37643,0.29388,0.22606,5.897025014670969e-07
