epoch,loss
0,0.24578749309103154
1,0.21412860753583907
2,0.2015084585130451
3,0.1918601303832086
4,0.1848198984904024
5,0.1794424045191878
6,0.17505149592422975
7,0.1713430282900719
8,0.16801871015808337
