epoch,loss
0,0.24642488446097563
1,0.21402577278218513
2,0.20115933692120833
3,0.1918026963003185
4,0.1849089919900502
5,0.179525566154406
6,0.17519687104044462
7,0.17152444281920035
8,0.1682542959112168
9,0.16546710504177836
10,0.1628520604399006
11,0.1604764269203449
12,0.15830240560843745
13,0.15628297751047535
14,0.1546003079039121
15,0.1528232084277389
16,0.15124783515364534
17,0.14972098021585392
18,0.1484031640893117
19,0.1470516772882772
20,0.14577467891227558
21,0.1446426716455765
22,0.14356250764443979
23,0.14248826620429497
24,0.14156719400688603
25,0.14057356190553555
26,0.13962516039092368
27,0.13866911107999796
28,0.13789581991384367
29,0.13718060190860096
30,0.13631143525145262
31,0.13560839317932077
32,0.13493847716772137
33,0.13416113294632667
34,0.13351891636140437
35,0.13287996415528525
36,0.13234431871587382
37,0.13171791343850978
38,0.1310334599403579
39,0.13058837255842576
40,0.1300510160885772
41,0.12945322914879476
42,0.1289870550521011
43,0.12855488399673026
44,0.1280468940870309
45,0.1275903105254215
46,0.12701615675014225
47,0.126672076302174
48,0.12624392076430022
49,0.12587099059719944
50,0.12542880405131565
51,0.12492781020957297
52,0.12458315565228821
53,0.12420618687080393
54,0.12377022024200733
55,0.12341032881951607
56,0.12305228689411325
57,0.1226716547204162
58,0.12226237185556532
59,0.12193201316038119
60,0.12155041843162119
61,0.12126618958865833
62,0.1209608440744072
63,0.12057541861132214
64,0.12034072044935391
65,0.11993395433610402
66,0.11971956591900365
67,0.11952654699809269
68,0.11922919828075755
69,0.11881994380499385
70,0.1185423954013028
71,0.11807349977983539
72,0.11790560977449888
73,0.11767703784889123
74,0.11729492354355066
75,0.11718146276590437
76,0.11693708088642751
77,0.11664863905975277
78,0.11645220501369996
79,0.11615429355045591
80,0.11588288936856592
81,0.11568259441281234
82,0.11545675510968899
83,0.1152181383627092
84,0.11499465139328142
85,0.11466621691156771
86,0.11450793675293253
87,0.11425969593426134
88,0.11409220080402083
89,0.11382880223543732
90,0.11361448811212396
91,0.11356790446864633
92,0.11323367003292048
93,0.11313044233610181
94,0.11284477994182823
95,0.1126757135637816
96,0.11253582790598435
97,0.11226758067133757
98,0.11212076093447965
99,0.11198852128920886
