epoch,loss
0,0.13789718414358654
1,0.1378050376889015
2,0.13775682141702708
3,0.13773569046659676
4,0.13770923415772782
5,0.13762833701698637
6,0.13756092237599618
7,0.13746811421097554
8,0.13748953248713047
9,0.1374973230983129
