epoch,loss
0,0.1022651561781162
1,0.10209107777013525
2,0.10203309808504996
3,0.1020088440736538
4,0.10190118446730084
5,0.10183554082128458
6,0.1018167620838151
7,0.10163871906279773
8,0.10169786987225836
9,0.10154599903048919
