epoch,loss
0,0.13593048633493904
1,0.13591347741250961
2,0.13588275588860213
3,0.13574905574594467
4,0.13575156752875703
5,0.13575442942333307
6,0.1357821963706968
7,0.13564920112003814
8,0.13567143269819074
9,0.1356267943859974
