epoch,loss
0,0.09794156144548283
1,0.0978322165282074
2,0.0977207883769968
3,0.09785205688399651
4,0.09765261947591901
5,0.09769660112569258
6,0.09746486272564901
7,0.09751197343293902
8,0.09765539389701566
9,0.09750892243783679
