epoch,loss
0,0.1365286311838234
1,0.13634288423262508
2,0.1363763963803355
3,0.13630835163379712
4,0.1364277275532282
5,0.13630254985076454
6,0.13624105837001782
7,0.1362088279943684
8,0.136163097087961
9,0.1361808687384414
