epoch,loss
0,0.09902417777014466
1,0.09873515834719201
2,0.09875053775647054
3,0.09872219755234964
4,0.09864915712766116
5,0.09870340248768951
6,0.09862715067181202
7,0.0984534650644313
8,0.0984188478406714
9,0.09843146241703507
