epoch,loss
0,0.13467088132400612
1,0.1346780694849396
2,0.1345615101553439
3,0.13466515133385196
4,0.13462580382971626
5,0.1345459316514794
6,0.13462721255113025
7,0.13452916794492498
8,0.13447660013735258
9,0.1345693199834157
