epoch,loss
0,0.0966779885027926
1,0.0966087088990845
2,0.09664513268753862
3,0.09672096581947713
4,0.09663223974376224
5,0.09660052496543228
6,0.09648222996931344
7,0.09645044489188742
8,0.09640126142078131
9,0.09631588887610622
