epoch,loss
0,0.13392459701697004
1,0.1338440275120371
2,0.1339052603108407
3,0.13382115345036497
4,0.13380332372167517
5,0.13374375078104045
6,0.1337533141369475
7,0.1337346105158323
8,0.13371705127880162
9,0.13375530574376696
