epoch,loss
0,0.0945451586337701
1,0.0944211135047253
2,0.09429063265447095
3,0.09434886816071611
4,0.09433810025574006
5,0.09430098744773925
6,0.09409436180548301
7,0.09413656912812057
8,0.09417452366327825
9,0.09420648546446267
