epoch,loss
0,0.16856799019259772
1,0.16765362588539756
2,0.1667984749087744
3,0.1659348975704833
4,0.1651514474231803
5,0.16439084436596793
6,0.16366904037764277
7,0.16294961241255432
8,0.16224881466880942
9,0.16166894747405994

