epoch,loss
0,0.09205163702507453
1,0.09201449799627469
2,0.0918745139254186
3,0.09165108923453702
4,0.09174117674318237
5,0.09173475802235248
6,0.09171817902640526
7,0.09166672706201515
8,0.0916725091782497
9,0.0916885055168805
