epoch,loss
0,0.09850299296647703
1,0.0982957308639215
2,0.09821171808911716
3,0.09822018536416201
4,0.09815782441831054
5,0.0983125202568345
6,0.09807861078073084
7,0.0979683190127053
8,0.09792398610775242
9,0.09782369769975457
