epoch,loss
0,0.13618958630888342
1,0.13610731914573906
2,0.1360297903253707
3,0.13610188590497974
4,0.13594299335133078
5,0.1359997557205347
6,0.13592712541172566
7,0.13593609359969072
8,0.13580238198665093
9,0.13583954772042434
