epoch,loss
0,0.2465398937397757
1,0.22549713384025813
2,0.21469063509246133
3,0.20727589874267607
4,0.20165412938027294
5,0.1971772307613061
6,0.1934240195821812
7,0.19019824557379433
8,0.18741990601024344
9,0.184959433057192
774
