epoch,loss
0,0.0923226087543957
1,0.09229977475337955
2,0.09212773525073123
3,0.09210402615343066
4,0.09193765170927717
5,0.0920971622879466
6,0.0920744955474674
7,0.09218742954008122
8,0.09199976839890983
9,0.09190726125344297
