epoch,loss
0,0.15307731085595613
1,0.15274691014472047
2,0.15248993188962157
3,0.15216975312418715
4,0.1518449250819558
5,0.15156336831446662
6,0.15130333958628614
7,0.1510305979716476
8,0.15079518897962568
9,0.15052769047607606
