epoch,loss
0,0.12483405262126779
1,0.12426477759382748
2,0.12381064902406513
3,0.12353318388475595
4,0.12299333044811825
5,0.12274163782031333
6,0.12224168457151748
7,0.12196300049832949
8,0.12159339653645056
9,0.12131634593564815
