epoch,loss
0,0.11851341341591884
1,0.1181079193018894
2,0.1178454904130328
3,0.11754816942843034
4,0.11726993544963474
5,0.11701603760552425
6,0.11674267222709439
7,0.11640318167144442
8,0.11631347590224375
9,0.11599253757231058
