epoch,loss
0,0.1478418276187699
1,0.14766443536375265
2,0.14747531664346483
3,0.14727871353834995
4,0.14712267653050762
5,0.1469738103745358
6,0.1467294416839849
7,0.14663798200913747
8,0.14649249958296026
9,0.14630472396878683
