epoch,loss
0,0.14622361453937502
1,0.14599816750028796
2,0.14589490718768938
3,0.14574873977386468
4,0.14556772075955923
5,0.14547259847796443
6,0.14534349800295487
7,0.14514420180367787
8,0.14507347169006657
9,0.1449618780569547
