epoch,loss
0,0.11600257997845599
1,0.11570051969484083
2,0.1153093736946165
3,0.11499098430824496
4,0.11480890046251768
5,0.11458408180053074
6,0.11430562684806364
7,0.11411544471914496
8,0.11389063524631325
9,0.1137022144606787
