epoch,loss
0,0.18320213764053808
1,0.1811901855540953
2,0.17941567186880045
3,0.17776413959696893
4,0.17623414315477434
5,0.17483124061682714
6,0.17350096364624812
7,0.17229721650049068
8,0.17112195741488775
9,0.1701006899308194
