epoch,loss
0,0.16279931678527063
1,0.16021489540852088
2,0.15812126868214518
3,0.15611046740608456
4,0.15435347690428175
5,0.15264145969229423
6,0.1510716693998699
7,0.14957684142445873
8,0.1482229950612677
9,0.14691517784687655
