epoch,loss
0,0.13380891451128704
1,0.13376624907847573
2,0.13373231712011738
3,0.13374950500694774
4,0.1337436661594873
5,0.13362779554376547
6,0.13366233720481285
7,0.1336725537810969
8,0.133623730881086
9,0.1336056982657143
