epoch,loss
0,0.09515001353122834
1,0.09502497791987688
2,0.09504844196579137
3,0.09497964816579603
4,0.09485138014981125
5,0.0948892428009201
6,0.09487673855665875
7,0.09484362823593598
8,0.0948727339853614
9,0.09472195243384784
