epoch,loss
0,0.09356691632687494
1,0.09347399513600889
2,0.09331118964193956
3,0.09342870591400614
4,0.09344155559398838
5,0.09335032339657538
6,0.09351611197253745
7,0.0933755465714073
8,0.09333607522527071
9,0.09328875030313467
