epoch,loss
0,0.13292223630209973
1,0.13294199713147048
2,0.13290496760980458
3,0.13283750441624076
4,0.13290975390502915
5,0.13288001106181027
6,0.13289738259457445
7,0.1327946765783704
8,0.13287154975513477
9,0.13281394381976178
