epoch,loss
0,0.1403991711129648
1,0.14036686430487458
2,0.14032804163936918
3,0.14018446850482985
4,0.1401870782966342
5,0.1400258231760642
6,0.13990629140505828
7,0.1398841722623227
8,0.13986517294481796
9,0.13973849004630748
