epoch,loss
0,0.10649363953575992
1,0.10610490381908923
2,0.10608538489355065
3,0.10599774439920273
4,0.10597337284484745
5,0.10583422917930049
6,0.10566737260453747
7,0.10564374217732976
8,0.10555727788494167
9,0.10532668497854894
