epoch,loss
0,0.09820434310212578
1,0.097951544618209
2,0.09789817430203751
3,0.09770109959061084
4,0.09762313635238824
5,0.09782832501005048
6,0.09769938752210816
7,0.09766094494212815
8,0.09752380849094897
9,0.09755652127498758
