epoch,loss
0,0.13533642344116556
1,0.13527046470994947
2,0.13521965499123248
3,0.13531149280321408
4,0.13533268701555168
5,0.13520214264075786
6,0.135188682413379
7,0.13513041967020115
8,0.13514841413740203
9,0.13519278761306144
