epoch,loss
0,0.09206343204421016
1,0.09210837758801751
2,0.09205674173258957
3,0.09207482640371102
4,0.09204071486140235
5,0.09191378772972927
6,0.09201562962798425
7,0.09206963500690002
8,0.09196316637822674
9,0.0920285487979467
