epoch,loss
0,0.1827848229952229
1,0.18075667864711573
2,0.17894802594568496
3,0.17725009880402923
4,0.17575252867492314
5,0.17434127642613445
6,0.1730692645798157
7,0.17181274068134458
8,0.1706994961726488
9,0.16960477826227904

