epoch,loss
0,0.10875892461512518
1,0.1086188982152246
2,0.10819175928272001
3,0.10819795000833797
4,0.10809580130798557
5,0.10808277426357059
6,0.10782478143833825
7,0.10780887061991708
8,0.10765454005137129
9,0.1075358229565963
