epoch,loss
0,0.14181808355858336
1,0.14174576497399635
2,0.14162464168715494
3,0.14159700777860248
4,0.14159641571090034
5,0.14141920781444364
6,0.14132867318798165
7,0.14124464801286965
8,0.14114778815717072
9,0.14107623076348902
