epoch,loss
0,0.1367155687390115
1,0.13665444411388358
2,0.13666888332122992
3,0.13666941326841184
4,0.1365397877629444
5,0.13650706019447262
6,0.13654591997935053
7,0.13641592875834518
8,0.1364460013171734
9,0.13646417595485946
