epoch,loss
0,0.09955892349944931
1,0.09927055229057243
2,0.09916342867274054
3,0.09911067175114988
4,0.09905458112392654
5,0.0989608660408032
6,0.09896793167733328
7,0.09904296255871577
8,0.09887006971086859
9,0.09884630602436424
