epoch,loss
0,0.14401429699593302
1,0.14385889907191737
2,0.1438278037373142
3,0.14362318839923494
4,0.14355832520704276
5,0.14341164436906756
6,0.14342485497707103
7,0.14327289167244575
8,0.14315127981701112
9,0.1430717834798989
