epoch,loss
0,0.11133458212954397
1,0.11101697803865776
2,0.11081391524593864
3,0.11066476163546331
4,0.11040912320004863
5,0.11028088566457751
6,0.1102037247506943
7,0.11009984171215377
8,0.10989756855111152
9,0.10969796780369326
