epoch,loss
0,0.09603588629603298
1,0.09593944304878751
2,0.09590807288436452
3,0.0958798627850369
4,0.09579364508992622
5,0.09562357312399238
6,0.09573693225875396
7,0.09561084678006959
8,0.09561427143490527
9,0.09562682447882936
