epoch,loss
0,0.13473626153596174
1,0.13471161281442412
2,0.13475450688461185
3,0.13471380170077898
4,0.13472691647424245
5,0.13470786208272373
6,0.1346210168880424
7,0.13454403086477712
8,0.13458042491721173
9,0.134596940666577
