epoch,loss
0,0.13239838152197198
1,0.13247513113941076
2,0.13246933653785162
3,0.13241957981728467
4,0.13243881800276572
5,0.13243498528799005
6,0.1323937622950534
7,0.13242867992287552
8,0.13242542996428514
9,0.1324342912082562
