epoch,loss
0,0.09209636149487654
1,0.09183366316398936
2,0.09185137473091703
3,0.09169098534380384
4,0.0917396925767726
5,0.09158018001932379
6,0.09168598705267818
7,0.09173059129282539
8,0.09178792848132415
9,0.09176156334626609
