epoch,loss
0,0.1333623883545241
1,0.13331144385957627
2,0.1332899563795619
3,0.13327274173579134
4,0.13327255877488134
5,0.13324347999817682
6,0.1332645490558767
7,0.13322649690193647
8,0.13319896012256413
9,0.1331630485940213
