epoch,loss
0,0.09342804384626208
1,0.09316704993012818
2,0.09336734653220312
3,0.09339875270916052
4,0.0932475847534968
5,0.09317225981212487
6,0.09327689548157253
7,0.09314423681855798
8,0.092954836035935
9,0.09308707466844013
