epoch,loss
0,0.24558342923689072
1,0.2275619337819297
2,0.2182448076903993
3,0.2117339330537278
4,0.20667954042966172
5,0.20266636562553353
6,0.19938418054481
7,0.19647003380175282
