epoch,loss
0,0.2460721519307412
1,0.21356282021761222
2,0.20093098074873844
3,0.19175870183272964
4,0.18502606448567743
5,0.1797259160870387
6,0.17538241590918358
7,0.17158822855615127
8,0.16828967913914258
9,0.16531813244325047
10,0.16273559874854826
11,0.16041920038611338
12,0.1582546649062717
13,0.1562638665514333
14,0.15439191728288168
15,0.15271002497010858
16,0.15112937800304846
17,0.14967536258563757
18,0.1481944475493664
19,0.14699308025239904
20,0.14570651816315322
21,0.1444328595179126
22,0.14338933794274897
23,0.14229571053670748
24,0.14135952581156586
25,0.14034738859108803
26,0.13939561712127882
27,0.13848451238314446
28,0.13766640220790022
29,0.13687793694771222
30,0.13609504948781198
31,0.13546793019873468
32,0.13470662518756832
33,0.13402234592647347
34,0.1333641530053306
35,0.13269135464710122
36,0.13207710781628698
37,0.13144921137271331
38,0.1309367053283749
39,0.13039746306675667
40,0.12983575212874054
41,0.12936861904840657
42,0.12880161601121617
43,0.12838863706639075
44,0.12779788369931264
45,0.12730621090598804
46,0.12680451194674627
47,0.12639501484694413
48,0.12603147803326453
49,0.1256681551076486
50,0.12510790190014592
51,0.12470018002326948
52,0.12435992224626863
53,0.12394360407244756
54,0.12358003420228178
55,0.12326615706889021
56,0.12283693093286703
57,0.12239093755760229
58,0.12211851923357234
59,0.12175149918895431
60,0.12138494131053355
61,0.1210930593716489
62,0.12079341483848251
63,0.12038014944749513
64,0.12013832218289441
65,0.11987190337446196
66,0.1195896722972674
67,0.11925226767513868
68,0.11896893465109998
69,0.11871746373643555
70,0.11838541601961254
71,0.11803615415203716
72,0.11787717531025475
73,0.11754391202165014
74,0.11722802237447526
75,0.11697980485845663
76,0.11678366637547678
77,0.1165666152606843
78,0.11624131893848745
79,0.1159834491043509
80,0.1157555296983236
81,0.11563132613898477
82,0.11534302205979001
83,0.11508146302350054
84,0.11484427354152733
85,0.11456889838507046
86,0.11446947870518898
87,0.11412058526122934
88,0.11397539718930506
89,0.1138329003382592
90,0.11346249551683785
91,0.11334641510327913
92,0.11316170368862913
93,0.1130365026439131
94,0.1128202367313907
95,0.11259052343486184
96,0.11233644255240678
97,0.11231492791472084
98,0.11205996738113327
99,0.11184596937230136
