iter,acc,nmi,ari,loss
0,0.3147,0.21206,0.12105,0.0
30,0.3147,0.21206,0.12105,1.3551949914851018e-07
