epoch,loss
0,0.14010526152552563
1,0.14002548494498318
2,0.13997418298081843
3,0.1398760369559146
4,0.1399209234666707
5,0.1397425208559074
6,0.1397203706732439
7,0.13969515624684012
8,0.13964205564601964
9,0.13954100612799814
