epoch,loss
0,0.10507324292698439
1,0.10471108730286127
2,0.10461759845271071
3,0.10453993406654831
4,0.10445303049148368
5,0.10427289873106087
6,0.10431397330475288
7,0.10421816069796352
8,0.10410270617232727
9,0.10398060218027087
