epoch,loss
0,0.12109146739706654
1,0.1206527053404628
2,0.12023912239549692
3,0.12000879569178537
4,0.11956085147937671
5,0.1192549720169502
6,0.11896208820002895
7,0.1187995697708629
8,0.11845823913526739
9,0.1181469642605074
