epoch,loss
0,0.15029290065847914
1,0.15003361665973503
2,0.14978894547549867
3,0.14955877144481147
4,0.14931145687099692
5,0.1491700426600097
6,0.14892699841762208
7,0.1487138212947594
8,0.14849713097208453
9,0.14833095701946958
