epoch,loss
0,0.0929325170068211
1,0.09280508139060235
2,0.09278169899997674
3,0.09284156101584362
4,0.09262517964842167
5,0.09273887716032773
6,0.09291086965999114
7,0.09278631201265358
8,0.09273127787421884
9,0.09271062482930734
