epoch,loss
0,0.13253238048485633
1,0.1325551405285994
2,0.13252565285887338
3,0.13247236270151413
4,0.13252292394798978
5,0.1324878975621276
6,0.13240031392034066
7,0.1324709966490622
8,0.13242591265344644
9,0.13242598738460407
