iter,acc,nmi,ari,loss
0,0.35223,0.20589,0.12808,0.0
140,0.36149,0.24373,0.15257,3.058829596674124e-06
