epoch,loss
0,0.09762643586323153
1,0.0974865930807835
2,0.09737268152026043
3,0.09733284933037792
4,0.09722464205801193
5,0.09724854520527096
6,0.09719809864839804
7,0.09715495554867161
8,0.09717504017299279
9,0.09712442239244469
