epoch,loss
0,0.13515172441430887
1,0.13513946688293485
2,0.13501695579380985
3,0.13502214738931645
4,0.13498713346736926
5,0.13503014043499717
6,0.1349885686985158
7,0.1350612136934093
8,0.1348792486492419
9,0.13487078856319218
