iter,acc,nmi,ari,loss
0,0.3059,0.20608,0.12873,0.0
30,0.3404,0.25216,0.15631,1.5712780282228777e-06
60,0.3448,0.27886,0.17722,1.4697590662156775e-06
90,0.2976,0.26384,0.1628,2.591259851669747e-06
120,0.2882,0.25503,0.14873,8.159967637766386e-06
