epoch,loss
0,0.09513030649158849
1,0.09492315817644773
2,0.09476606711425695
3,0.09479013974594316
4,0.09474778932561788
5,0.09467662621309549
6,0.09465350307970272
7,0.09459120371525527
8,0.09463036187130973
9,0.09473557934711209
