epoch,loss
0,0.13420815225570984
1,0.1341618812073087
2,0.13422036673655646
3,0.13421598421909703
4,0.13407376186281653
5,0.1340210472473416
6,0.13413321674582365
7,0.13411922531537143
8,0.1340648150518254
9,0.13406909718643767
