iter,acc,nmi,ari,loss
0,0.41066,0.35733,0.21644,0.0
140,0.24136,0.31481,0.15621,0.07731151357293128
