epoch,loss
0,0.16153995760091638
1,0.1609804376248654
2,0.16035518312117206
3,0.15986414525640108
4,0.15932217166981066
5,0.1587971780838358
6,0.1582978676968287
7,0.15785403091427094
8,0.15735337187600076
9,0.15686407888357573
