epoch,loss
0,0.13634324472664178
1,0.13547637001973054
2,0.13479118794404818
3,0.13402013948644145
4,0.13338262027542
5,0.13278236469107846
6,0.132154261337789
7,0.13151464835306645
8,0.1309849985921328
9,0.13033527049021276
