epoch,loss
0,0.13901947649387608
1,0.13891767397902488
2,0.13896458535120934
3,0.13889793649201154
4,0.13885425590680742
5,0.1387003417437852
6,0.1386604774035285
7,0.1386880035238019
8,0.13864208282644822
9,0.13865725020580463
