epoch,loss
0,0.1032583244074019
1,0.10300512235407305
2,0.10300632275332075
3,0.10290675789115504
4,0.10274390286699653
5,0.10272269250786303
6,0.10253917062369987
7,0.10259460054879666
8,0.10252355991665835
9,0.10240493370009272
