epoch,loss
0,0.13715101031494326
1,0.13703437491418344
2,0.13696618340789535
3,0.13708749427840355
4,0.1369237508469471
5,0.13688706115864047
6,0.13683980298992188
7,0.1367705256021652
8,0.13675934280179317
9,0.1368042714562713
