epoch,loss
0,0.10117249988004363
1,0.1008470508152208
2,0.10077992522581923
3,0.10088507899685356
4,0.10078323050253901
5,0.10066682946419012
6,0.1006418468859414
7,0.10045785699755647
8,0.10036526035238819
9,0.10041748894690294
