epoch,loss
0,0.06192177825634784
1,0.06225169871713231
2,0.06238561520332673
3,0.06222088537139487
4,0.06219470882641783
5,0.06223821964305752
6,0.06214266356055224
7,0.06217484603838461
8,0.06206568121645613
9,0.06207148381818827
