epoch,loss
0,0.13225012864070468
1,0.1322464861160299
2,0.13219480488483795
3,0.13216179672585257
4,0.13221185517793216
5,0.13233938227434525
6,0.13230173884049437
7,0.13227426612987184
8,0.13224983916194868
9,0.13220719699669684
