epoch,loss
0,0.09159909808681578
1,0.09140225198905379
2,0.09136137536458346
3,0.09142030050219044
4,0.09129938287822933
5,0.09119360966603383
6,0.09129077810004575
7,0.09150109681812961
8,0.09133091247715043
9,0.09121832401308794
