epoch,loss
0,0.14648838141310525
1,0.14632342071145166
2,0.14618151516452144
3,0.14614355781815153
4,0.145860506074331
5,0.1458050425759634
6,0.14561367458517513
7,0.1454825873805378
8,0.14535786337976656
9,0.1452369051050278
