epoch,loss
0,0.1154095170402882
1,0.11500083057367877
2,0.11482943275013194
3,0.11456408682973052
4,0.11434174795262869
5,0.11417190540774384
6,0.11378849745704855
7,0.11369524362682489
8,0.11346514282930373
9,0.11330758575465723
