epoch,loss
0,0.1625960941080422
1,0.15992441788036607
2,0.15777009107098705
3,0.1557750428488354
4,0.15396650685496582
5,0.1522734765626621
6,0.1506610922055088
7,0.14918584514722572
8,0.14777578410100334
9,0.14646534535426528
