epoch,loss
0,0.18359654035709036
1,0.18159467327482184
2,0.17984349807825506
3,0.1781900057537135
4,0.17666656455627783
5,0.1752640982315844
6,0.1740110317496807
7,0.17278698858881514
8,0.1716988215396442
9,0.17064527246754138
