epoch,loss
0,0.1046176941096194
1,0.10438607783095143
2,0.10428434486041373
3,0.10421328035286387
4,0.10419170918355734
5,0.1038953686565362
6,0.1037873947946193
7,0.10378913981504166
8,0.10361713811035048
9,0.1036122770114537
