epoch,loss
0,0.13920772836606787
1,0.1391229125423734
2,0.13909805192165461
3,0.139116879155821
4,0.1389843631500481
5,0.13902690960196917
6,0.13891352027953666
7,0.138857071900262
8,0.138752386699096
9,0.13881778383280222
