epoch,loss
0,0.09601886738289152
1,0.09615047983570765
2,0.09591924769170206
3,0.09575861592950914
4,0.0957801009678491
5,0.0958798034860111
6,0.09577299731239657
7,0.09589389933718855
8,0.09577162472413334
9,0.09577394477169109
