epoch,loss
0,0.13436365014992135
1,0.134242955345152
2,0.13424888745311048
3,0.13422242800891024
4,0.13423805652081708
5,0.13420567596177932
6,0.1340719079683302
7,0.13421724235309188
8,0.13424072913148805
9,0.1341082642359605
