epoch,loss
0,0.09493051449259253
1,0.09483372916498957
2,0.09487835083619196
3,0.09480354841186488
4,0.0947579706413072
5,0.09454996189131942
6,0.09463442604080663
7,0.09465938656321658
8,0.09466980346177965
9,0.09459307831985088
