epoch,loss
0,0.1336377976462169
1,0.1336095297845936
2,0.13356254385557687
3,0.13359052454795045
4,0.13350495913138585
5,0.13353146393265916
6,0.1335136264854136
7,0.13348850910259463
8,0.13356035349093945
9,0.13345226841354946
