epoch,loss
0,0.13738545833954444
1,0.137319241687426
2,0.13735421740878284
3,0.13732559625417573
4,0.1372241373077048
5,0.13721730044485306
6,0.13721571488150594
7,0.13712838883661302
8,0.13710081075266625
9,0.1370848244289871
