epoch,loss
0,0.10169437624344507
1,0.10137448925535772
2,0.10146641378506542
3,0.10138304847774923
4,0.10120913369885544
5,0.10120342215991966
6,0.10121900144842719
7,0.10106506513421591
8,0.10095409524782305
9,0.10091175933992548
