epoch,loss
0,0.15276542466687917
1,0.15240126129167894
2,0.15211501552097673
3,0.15178041843824308
4,0.1515205369695392
5,0.1512431941209368
6,0.15098029409131564
7,0.15071583982431866
8,0.15046856374819637
9,0.15022221699891938
