epoch,loss
0,0.1252996250364656
1,0.12476131065605815
2,0.12430020875381215
3,0.12395583144862805
4,0.12357477906232
5,0.12320777604270816
6,0.12281913605490177
7,0.1224949215372679
8,0.1221112562053804
9,0.12183250325489312
