epoch,loss
0,0.20710337162017822
1,0.2060769498348236
