epoch,loss
0,0.1349153775736134
1,0.1348468951780316
2,0.1348995445390482
3,0.13476005255582488
4,0.13480192862528967
5,0.13478210452034078
6,0.13479432771571398
7,0.13475975324597186
8,0.1347679470641388
9,0.1347181090080779
