epoch,loss
0,0.09718254886303916
1,0.0970673531178817
2,0.09723302325509495
3,0.0971980157856401
4,0.09698653019529595
5,0.09702747557960861
6,0.09693476403815876
7,0.09683924383416717
8,0.0967093977931771
9,0.09664557158667633
