epoch,loss
0,0.13327521530207853
1,0.13331308928278676
2,0.13327460685858983
3,0.13324690896662167
4,0.13325844044357724
5,0.1332748846915932
6,0.13327875498706795
7,0.13325221183700162
8,0.13324541374160237
9,0.13321601967257882
