epoch,loss
0,0.09436429839268753
1,0.09428686711279824
2,0.09427258919544662
3,0.09413421416756407
4,0.09422439279885624
5,0.09442413254345418
6,0.09427876016068687
7,0.09406250595971029
8,0.09400115622544285
9,0.09394479740483047
