epoch,loss
0,0.10973258599635283
1,0.10950854263119533
2,0.10929759142614733
3,0.10903352290510053
4,0.10899827368806124
5,0.1087911714515451
6,0.10867330751784725
7,0.10856813323936663
8,0.1083407685386893
9,0.10826735061916781
