epoch,loss
0,0.14297779506870592
1,0.1428752681894867
2,0.1428235468770455
3,0.14274557652832842
4,0.1426567375535947
5,0.14256452141552484
6,0.14245178478770681
7,0.1423886331146821
8,0.14225791094012355
9,0.1422847608321199
