epoch,loss
0,0.14540703904747884
1,0.14402856618907459
2,0.1429507457828742
3,0.14185982270315647
4,0.1408218252064883
5,0.13997309749464987
6,0.13895143094339824
7,0.13807638039716802
8,0.13724915705260213
9,0.13641150405553296
