epoch,loss
0,0.16964341676862701
1,0.16867337838037413
2,0.1677426337001646
3,0.16690774479901685
4,0.16611581781040213
5,0.16541431420158856
6,0.16460503738214974
7,0.16395993074369614
8,0.16320313626390173
9,0.16259840059787106
