epoch,loss
0,0.1328106580269477
1,0.13279198567424685
2,0.1329064438616591
3,0.13277317464824648
4,0.13272516931397732
5,0.13276540716821958
6,0.1327385745869841
7,0.13277909298162796
8,0.13275574688989347
9,0.13264767209134326
