epoch,loss
0,0.0925734811315821
1,0.0926160038983018
2,0.09247681324689304
3,0.09267451825977638
4,0.09231729695910357
5,0.09220623598613788
6,0.09231508957181629
7,0.0922817071469938
8,0.09232165173029534
9,0.09232066859669627
