epoch,loss
0,0.10044119041411867
1,0.10026144573055405
2,0.1001141213012498
3,0.10017571516542893
4,0.10011476919874009
5,0.10007272359586479
6,0.10006207602770739
7,0.09990162662922704
8,0.09999228394081855
9,0.09983528556371188
