epoch,loss
0,0.13668749810746467
1,0.13677709182898648
2,0.1366300554920541
3,0.1366511694828559
4,0.1366834354326342
5,0.13664682886878984
6,0.13660160105353214
7,0.13648135978335713
8,0.1364381261291076
9,0.13639834674686419
