epoch,loss
0,0.13460319858088554
1,0.13459729836933065
2,0.13453177686588624
3,0.13445285546487337
4,0.13449252157324879
5,0.13449717653765003
6,0.13443739938774205
7,0.13439750378525336
8,0.13445863731856397
9,0.1343917138657495
