epoch,loss
0,0.09571338505446707
1,0.09560446277426432
2,0.09530458935913887
3,0.09547353433363448
4,0.09552167898038194
5,0.09552864676449131
6,0.09548241564599794
7,0.09535736237300625
8,0.09537146377005686
9,0.09531815932299748
