epoch,loss
0,0.13595757337212086
1,0.13581604449719067
2,0.1358153544469675
3,0.135788323640512
4,0.135731871827585
5,0.13568348609953026
6,0.13570402586799152
7,0.13559185598724754
8,0.13564809924060406
9,0.13559492059879513
