epoch,loss
0,0.0988128719986123
1,0.09875825098323658
2,0.09867296582980946
3,0.09864074535694543
4,0.09855615184126817
5,0.09856441435468394
6,0.09859641659155673
7,0.0984978587177192
8,0.09850433242822242
9,0.09839943102226592
