epoch,loss
0,0.09840722415968578
1,0.09832331327470474
2,0.09838489477781358
3,0.09821473970266419
4,0.09823747582547875
5,0.09808039205004448
6,0.09815075463971516
7,0.09808595565295085
8,0.09802501568695621
9,0.0979420361342657
