epoch,loss
0,0.13565796175563624
1,0.13553682104078665
2,0.13551341386290303
3,0.1355652717714552
4,0.13543685901635147
5,0.13544147104420734
6,0.13545519409824103
7,0.13543477374674467
8,0.13538949131775463
9,0.13531825515181356
