epoch,loss
0,0.12350172517443175
1,0.12339667500915497
2,0.12332368959197368
3,0.12317581417460856
4,0.12320703733274092
5,0.12303887570088712
